,change,date,last_day,stock,close0,high0,high_limit0,low0,open0,volume0,day0,close1,high1,high_limit1,low1,open1,volume1,day1,close2,high2,high_limit2,low2,open2,volume2,day2,close3,high3,high_limit3,low3,open3,volume3,day3,recent,last_recent,minute_low,minute_volume,minute,nearby,wave,vol5,volume_mean,recent_high,volume_high,recent_low,st,isnew
000055.XSHE_2017-08-01,0.923509561305,2017-08-01 00:00:00,2017-07-31 00:00:00,000055.XSHE,7.79,7.92,8.76,7.71,7.85,23489545.0,14.0,8.08,8.13,8.57,7.7,7.8,31748277.0,15.0,8.3,8.89,8.89,8.28,8.38,58230915.0,16.0,8.17,8.49,9.13,8.12,8.21,33741484.0,17.0,1.0,1.0,,,,1.0,0,0.100424328147,7696455.02353,10.16,49376621.0,6.52,False,False
000410.XSHE_2017-07-20,0.97602739726,2017-07-20 00:00:00,2017-07-19 00:00:00,000410.XSHE,8.35,8.36,8.39,7.88,7.91,10997524.0,6.0,8.34,8.55,8.77,8.24,8.34,10429529.0,7.0,8.6,8.76,8.76,8.38,8.38,12892641.0,8.0,8.44,8.65,9.03,8.36,8.55,9034628.0,9.0,1.0,1.0,8.38,4121200.0,09:45:00,0.0,0,0.0499405469679,10197872.9359,12.35,42964669.0,6.08,True,False
000410.XSHE_2017-07-31,0.998820754717,2017-07-31 00:00:00,2017-07-28 00:00:00,000410.XSHE,8.13,8.25,8.65,8.02,8.2,8800883.0,13.0,8.08,8.24,8.54,8.06,8.13,5100800.0,14.0,8.47,8.48,8.48,8.11,8.11,12469884.0,15.0,8.41,8.47,8.89,8.31,8.47,6057868.0,16.0,1.0,1.0,8.14,10199500.0,14:35:00,0.0,0,0.0482673267327,10105731.4545,12.14,42964669.0,6.08,True,False
000546.XSHE_2017-07-19,1.00706713781,2017-07-19 00:00:00,2017-07-18 00:00:00,000546.XSHE,10.2,10.99,12.19,9.97,10.99,16486747.0,5.0,10.29,10.42,11.22,10.15,10.3,5093790.0,6.0,11.32,11.32,11.32,10.27,10.28,20436489.0,7.0,11.54,11.96,12.45,11.3,11.4,34186578.0,8.0,1.0,1.0,10.28,12225500.0,14:16:00,0.0,0,0.10009718173,10884515.2824,13.26,50172133.0,9.35,False,False
000546.XSHE_2017-07-28,0.963229416467,2017-07-28 00:00:00,2017-07-27 00:00:00,000546.XSHE,11.25,11.28,12.32,11.04,11.1,6931724.0,12.0,11.37,11.55,12.38,11.15,11.21,14084077.0,13.0,12.01,12.51,12.51,11.08,11.14,44777189.0,14.0,12.8,13.19,13.21,12.05,12.05,38637949.0,15.0,1.0,1.0,11.08,24993800.0,14:12:00,1.0,0,0.0562884784521,10657948.5952,13.26,50172133.0,9.35,False,False
000615.XSHE_2017-08-11,,2017-08-11 00:00:00,2017-08-10 00:00:00,000615.XSHE,13.11,13.38,14.32,12.77,12.81,42558275.0,22.0,13.35,13.44,14.42,12.72,13.14,40843648.0,23.0,14.5,14.69,14.69,13.17,13.31,110132988.0,24.0,,,,,,,,1.0,1.0,13.18,31417700.0,09:43:00,2.0,1,0.0861423220974,52061008.8649,26.87,238921949.0,10.72,False,False
000635.XSHE_2017-08-02,0.988051470588,2017-08-02 00:00:00,2017-08-01 00:00:00,000635.XSHE,20.22,20.36,21.64,19.54,19.54,13505839.0,15.0,19.78,20.45,22.24,19.6,20.1,11442991.0,16.0,21.76,21.76,21.76,19.3,19.65,29590198.0,17.0,21.38,21.8,23.94,21.1,21.5,24347974.0,18.0,1.0,1.0,19.3,26249800.0,14:46:00,1.0,0,0.100101112235,8635052.3494,26.94,34094063.0,13.68,False,False
000659.XSHE_2017-08-04,1.0,2017-08-04 00:00:00,2017-08-03 00:00:00,000659.XSHE,4.37,4.43,4.63,4.3,4.41,8732885.0,17.0,4.31,4.39,4.59,4.29,4.37,10099448.0,18.0,4.53,4.53,4.53,4.26,4.29,31328567.0,19.0,4.47,4.55,4.76,4.44,4.53,12933950.0,20.0,1.0,1.0,4.26,9472500.0,13:17:00,1.0,0,0.0510440835267,27205908.6486,6.97,220298886.0,3.27,True,False
000710.XSHE_2017-07-27,1.00157452764,2017-07-27 00:00:00,2017-07-26 00:00:00,000710.XSHE,54.84,55.4,56.75,53.66,53.88,1499410.0,11.0,54.44,55.3,57.58,53.5,54.8,1035214.0,12.0,57.1,57.16,57.16,54.0,54.3,1919471.0,13.0,58.79,59.26,59.96,56.31,57.25,1532087.0,14.0,1.0,1.0,54.0,987900.0,10:25:00,1.0,0,0.0499331997328,2686540.26866,74.66,9106340.0,44.46,True,False
000759.XSHE_2017-07-26,1.00292397661,2017-07-26 00:00:00,2017-07-25 00:00:00,000759.XSHE,9.46,9.6,10.48,9.24,9.59,5622043.0,10.0,9.33,9.48,10.41,9.22,9.48,6702478.0,11.0,10.26,10.26,10.26,9.6,9.6,20681050.0,12.0,10.27,10.56,11.29,10.0,10.29,20136218.0,13.0,1.0,1.0,9.66,18377600.0,14:40:00,0.0,0,0.0996784565916,4529018.61176,10.9,25795038.0,6.99,False,False
000795.XSHE_2017-08-09,1.01206272618,2017-08-09 00:00:00,2017-08-08 00:00:00,000795.XSHE,7.7,7.75,8.01,7.21,7.21,74182944.0,20.0,7.54,7.87,8.47,7.48,7.7,77036128.0,21.0,8.29,8.29,8.29,7.32,7.42,114771713.0,22.0,8.2,8.65,9.12,8.03,8.39,152366160.0,23.0,1.0,1.0,7.33,95916300.0,14:32:00,1.0,0,0.0994694960212,25752320.7024,8.08,156115680.0,5.67,False,False
000797.XSHE_2017-07-24,0.933544303797,2017-07-24 00:00:00,2017-07-21 00:00:00,000797.XSHE,11.4,12.4,12.58,11.22,12.2,80927494.0,8.0,11.49,12.1,12.54,11.35,11.9,61945221.0,9.0,12.0,12.64,12.64,11.49,11.49,77713789.0,10.0,11.46,11.96,13.2,11.39,11.8,50732624.0,11.0,1.0,1.0,11.5,47036200.0,10:29:00,2.0,1,0.100529100529,6288770.58537,11.44,51048748.0,8.23,False,False
000799.XSHE_2017-07-31,1.01638704643,2017-07-31 00:00:00,2017-07-28 00:00:00,000799.XSHE,21.43,21.61,23.5,21.2,21.26,10032802.0,13.0,23.3,23.4,23.57,21.07,21.31,24286682.0,14.0,25.63,25.63,25.63,23.55,23.55,36268289.0,15.0,25.5,26.26,28.19,25.01,26.05,26374437.0,16.0,1.0,1.0,23.6,20549900.0,10:49:00,1.0,0,0.1,7560423.55294,23.83,29277081.0,16.24,False,False
000799.XSHE_2017-08-07,1.00453172205,2017-08-07 00:00:00,2017-08-04 00:00:00,000799.XSHE,25.01,26.0,27.89,24.84,25.19,16851272.0,18.0,24.07,24.88,27.51,24.0,24.71,15590904.0,19.0,26.48,26.48,26.48,23.9,23.95,30328702.0,20.0,25.79,26.87,29.13,25.55,26.6,23407435.0,21.0,1.0,1.0,23.92,23220500.0,14:24:00,2.0,0,0.100124636477,7821231.57143,26.26,36268289.0,16.24,False,False
000801.XSHE_2017-08-01,0.939809926082,2017-08-01 00:00:00,2017-07-31 00:00:00,000801.XSHE,8.76,8.93,9.82,8.72,8.91,15574031.0,14.0,8.61,8.72,9.64,8.51,8.7,15527910.0,15.0,9.06,9.47,9.47,8.48,8.66,62115872.0,16.0,8.94,9.21,9.97,8.7,8.9,40974066.0,17.0,1.0,1.0,8.48,16187600.0,10:57:00,1.0,0,0.0522648083624,16579059.2651,12.31,88248452.0,7.08,False,False
000802.XSHE_2017-08-04,1.0,2017-08-04 00:00:00,2017-08-03 00:00:00,000802.XSHE,19.11,19.68,19.97,18.4,18.8,62168199.0,17.0,18.85,19.25,21.02,18.64,19.07,37856397.0,18.0,20.74,20.74,20.74,18.9,19.21,66646088.0,19.0,21.14,22.5,22.81,20.59,20.74,80730724.0,20.0,1.0,1.0,18.91,53706300.0,14:38:00,2.0,1,0.100265251989,3700947.7381,19.28,57177677.0,12.96,False,False
000807.XSHE_2017-07-31,1.03166496425,2017-07-31 00:00:00,2017-07-28 00:00:00,000807.XSHE,8.7,9.04,9.92,8.36,8.99,89124063.0,13.0,8.9,8.95,9.57,8.55,8.68,71638172.0,14.0,9.79,9.79,9.79,8.79,8.81,155729384.0,15.0,10.22,10.45,10.77,9.9,10.1,161679492.0,16.0,1.0,1.0,8.79,125053200.0,14:11:00,1.0,0,0.1,42599801.0588,9.59,159915555.0,6.17,False,False
000812.XSHE_2017-07-18,0.954682779456,2017-07-18 00:00:00,2017-07-17 00:00:00,000812.XSHE,9.66,9.76,10.3,8.97,9.19,40293527.0,1.0,9.03,9.47,10.63,8.69,9.4,22658039.0,2.0,9.69,9.93,9.93,8.93,9.03,37039100.0,3.0,9.72,9.97,10.66,9.48,9.48,36546429.0,4.0,1.0,1.0,8.93,23754000.0,13:50:00,0.0,0,0.0998824911868,11039784.2588,13.88,35704840.0,7.51,False,False
000837.XSHE_2017-07-20,1.01236093943,2017-07-20 00:00:00,2017-07-19 00:00:00,000837.XSHE,7.21,7.24,7.87,7.0,7.15,14177377.0,6.0,7.35,7.35,7.93,7.14,7.2,17040153.0,7.0,8.09,8.09,8.09,7.33,7.34,23267426.0,8.0,8.06,8.52,8.9,7.98,8.19,67652592.0,9.0,1.0,1.0,7.34,11870500.0,09:44:00,0.0,0,0.100680272109,14528036.7619,10.93,88158896.0,6.6,False,False
000906.XSHE_2017-08-11,,2017-08-11 00:00:00,2017-08-10 00:00:00,000906.XSHE,9.15,9.2,10.01,9.04,9.11,4390007.0,22.0,8.91,9.12,10.07,8.87,9.12,6823443.0,23.0,9.8,9.8,9.8,8.8,8.81,37283307.0,24.0,,,,,,,,1.0,1.0,8.8,18500400.0,13:22:00,0.0,0,0.0998877665544,4514762.92941,12.01,11868990.0,7.93,False,False
000916.XSHE_2017-08-04,0.955577492596,2017-08-04 00:00:00,2017-08-03 00:00:00,000916.XSHE,9.31,9.38,10.15,8.9,9.13,74216185.0,17.0,9.21,9.75,10.24,9.2,9.27,87994829.0,18.0,9.86,10.13,10.13,8.91,8.99,140648834.0,19.0,9.38,9.68,10.85,9.18,9.68,92150178.0,20.0,1.0,1.0,8.92,96332400.0,14:15:00,1.0,0,0.0705754614549,23454434.7013,11.35,175960837.0,4.13,False,False
000932.XSHE_2017-07-31,1.03677758319,2017-07-31 00:00:00,2017-07-28 00:00:00,000932.XSHE,5.34,5.47,5.5,5.21,5.23,69843128.0,13.0,5.44,5.49,5.61,5.28,5.29,43091484.0,14.0,5.71,5.71,5.71,5.5,5.5,76061862.0,15.0,5.84,6.0,6.0,5.79,5.92,71812819.0,16.0,1.0,1.0,5.51,42502600.0,10:18:00,0.0,0,0.0496323529412,16842372.2179,5.48,216949028.0,3.83,True,False
000933.XSHE_2017-07-31,1.02517361111,2017-07-31 00:00:00,2017-07-28 00:00:00,000933.XSHE,10.17,10.9,12.02,9.84,10.7,129581480.0,13.0,10.47,10.54,11.19,9.86,10.1,82928207.0,14.0,11.52,11.52,11.52,10.3,10.3,179578447.0,15.0,11.5,11.92,12.67,11.25,11.81,152848105.0,16.0,1.0,1.0,10.35,133536400.0,13:16:00,1.0,0,0.100286532951,29640586.5244,11.19,187285561.0,5.88,False,False
000970.XSHE_2017-08-09,0.973698053656,2017-08-09 00:00:00,2017-08-08 00:00:00,000970.XSHE,17.49,17.6,18.38,16.65,16.78,75256415.0,20.0,17.28,18.1,19.24,17.1,17.6,98532918.0,21.0,18.78,19.01,19.01,16.98,17.18,147106772.0,22.0,18.23,18.58,20.66,17.88,18.51,116810135.0,23.0,1.0,1.0,17.0,123050600.0,14:40:00,0.0,0,0.0868055555556,28682983.7143,18.48,159640155.0,11.92,False,False
002134.XSHE_2017-08-10,1.00387221684,2017-08-10 00:00:00,2017-08-09 00:00:00,002134.XSHE,10.13,10.39,10.45,9.83,9.83,4649901.0,21.0,9.84,10.17,10.64,9.77,10.13,3554600.0,22.0,10.33,10.33,10.33,9.64,9.88,4311145.0,23.0,10.23,10.77,10.85,10.21,10.37,6308627.0,24.0,1.0,1.0,9.66,3692300.0,14:42:00,0.0,0,0.0497967479675,5092276.60241,17.69,20831785.0,8.22,True,False
002158.XSHE_2017-08-08,0.93061440678,2017-08-08 00:00:00,2017-08-07 00:00:00,002158.XSHE,16.58,17.48,18.35,16.35,16.55,33776692.0,19.0,17.16,17.35,18.24,16.58,16.6,34764260.0,20.0,17.83,18.88,18.88,17.58,18.6,65036154.0,21.0,17.43,18.05,19.61,17.4,17.57,41661784.0,22.0,1.0,1.0,18.65,12485200.0,09:30:00,0.0,0,0.0390442890443,48661297.2639,23.56,143770080.0,10.4,False,False
002160.XSHE_2017-08-07,1.04243743199,2017-08-07 00:00:00,2017-08-04 00:00:00,002160.XSHE,8.38,8.38,8.89,7.98,7.99,31799300.0,18.0,8.35,8.68,9.22,8.28,8.3,39017339.0,19.0,9.19,9.19,9.19,8.18,8.35,36506443.0,20.0,9.61,9.97,10.11,9.36,9.58,106400822.0,21.0,1.0,1.0,8.18,23063000.0,13:30:00,1.0,0,0.100598802395,6988958.31765,9.29,41912473.0,6.31,False,False
002161.XSHE_2017-07-17,0.974290780142,2017-07-17 00:00:00,2017-07-14 00:00:00,002161.XSHE,11.04,11.09,12.01,10.11,10.54,123241154.0,3.0,10.25,10.85,12.14,10.22,10.79,77228620.0,4.0,11.28,11.28,11.28,9.83,10.07,165359070.0,5.0,11.33,11.43,12.41,10.62,10.99,133584458.0,6.0,1.0,1.0,9.85,49517700.0,09:55:00,0.0,0,0.100487804878,9382521.2375,12.16,154132700.0,7.36,False,False
002161.XSHE_2017-07-28,0.962510187449,2017-07-28 00:00:00,2017-07-27 00:00:00,002161.XSHE,10.73,11.04,11.79,10.48,10.66,64873443.0,12.0,11.15,11.49,11.8,10.14,10.56,101273688.0,13.0,11.91,12.27,12.27,10.83,10.99,136276769.0,14.0,13.09,13.1,13.1,11.7,11.81,142342357.0,15.0,1.0,1.0,10.85,119902900.0,14:31:00,1.0,0,0.0681614349776,20454465.4051,12.16,165359070.0,7.36,False,False
002199.XSHE_2017-08-10,0.912881144991,2017-08-10 00:00:00,2017-08-09 00:00:00,002199.XSHE,14.73,14.84,15.71,14.2,14.28,1242429.0,21.0,14.61,14.89,16.2,14.45,14.89,513734.0,22.0,14.59,16.07,16.07,14.28,14.86,629445.0,23.0,14.16,14.85,16.05,14.16,14.67,734900.0,24.0,1.0,1.0,,,,1.0,0,0.031512605042,2136500.50588,21.29,12186730.0,12.5,False,False
002207.XSHE_2017-07-21,0.982876712329,2017-07-21 00:00:00,2017-07-20 00:00:00,002207.XSHE,8.35,8.42,8.64,8.01,8.15,6440286.0,7.0,8.34,8.46,8.77,8.21,8.25,4684210.0,8.0,8.66,8.76,8.76,8.2,8.26,10671446.0,9.0,9.09,9.09,9.09,8.61,8.61,20653469.0,10.0,1.0,1.0,8.2,4050100.0,10:09:00,0.0,0,0.0497175141243,8635990.2439,18.77,37522163.0,7.99,True,False
002207.XSHE_2017-08-10,1.0119695321,2017-08-10 00:00:00,2017-08-09 00:00:00,002207.XSHE,8.63,8.7,9.14,8.55,8.68,4866469.0,21.0,8.75,8.83,9.06,8.52,8.61,6123500.0,22.0,9.19,9.19,9.19,8.97,9.1,7522020.0,23.0,9.11,9.6,9.65,9.06,9.3,19590703.0,24.0,1.0,1.0,8.97,4068500.0,09:35:00,2.0,0,0.0502857142857,9498373.08861,18.77,37522163.0,7.99,True,False
002234.XSHE_2017-07-18,0.977751052315,2017-07-18 00:00:00,2017-07-17 00:00:00,002234.XSHE,15.14,15.51,16.98,14.97,15.44,15931360.0,4.0,15.12,16.14,16.65,13.63,15.06,24147562.0,5.0,16.63,16.63,16.63,15.21,15.51,25354307.0,6.0,17.2,17.2,18.29,16.24,16.26,28064661.0,7.0,1.0,1.0,15.22,22493100.0,14:46:00,1.0,0,0.0998677248677,7220808.3494,21.0,24970745.0,10.37,False,False
002234.XSHE_2017-08-08,0.984682713348,2017-08-08 00:00:00,2017-08-07 00:00:00,002234.XSHE,17.34,18.6,20.25,17.2,18.43,17833669.0,19.0,16.62,17.58,19.07,16.22,17.37,20846609.0,20.0,18.26,18.28,18.28,16.33,16.63,28015823.0,21.0,17.43,18.14,20.09,17.31,18.0,15018802.0,22.0,1.0,1.0,16.33,22911200.0,14:31:00,2.0,0,0.0986762936221,8769677.5122,19.68,28064661.0,10.37,False,False
002282.XSHE_2017-07-18,0.998394863563,2017-07-18 00:00:00,2017-07-17 00:00:00,002282.XSHE,18.88,19.48,20.97,18.76,18.82,11134747.0,4.0,16.99,18.7,20.77,16.99,18.7,16891897.0,5.0,18.69,18.69,18.69,16.61,16.8,28700209.0,6.0,18.7,18.89,20.56,18.2,18.66,25730124.0,7.0,1.0,1.0,16.66,11944800.0,11:09:00,0.0,0,0.100105932203,22606785.0,26.69,75888049.0,12.61,False,False
002285.XSHE_2017-07-26,1.03700097371,2017-07-26 00:00:00,2017-07-25 00:00:00,002285.XSHE,9.32,9.71,10.15,9.02,9.11,106560381.0,10.0,9.34,9.47,10.25,9.07,9.31,53993604.0,11.0,10.27,10.27,10.27,9.31,9.59,89790593.0,12.0,10.8,11.3,11.3,10.52,10.65,181172100.0,13.0,1.0,1.0,9.32,72764000.0,13:35:00,0.0,0,0.0995717344754,11629223.0235,9.35,96329381.0,7.07,False,False
002302.XSHE_2017-08-03,1.0,2017-08-03 00:00:00,2017-08-02 00:00:00,002302.XSHE,21.81,22.29,24.37,21.65,22.15,30739174.0,16.0,21.23,22.16,23.99,21.01,21.91,30925400.0,17.0,23.35,23.35,23.35,21.06,21.06,78790024.0,18.0,22.52,23.49,25.69,22.41,23.35,60590653.0,19.0,1.0,1.0,21.06,73927500.0,14:50:00,1.0,0,0.0998586905323,55584823.2838,26.14,130816486.0,14.59,False,False
002340.XSHE_2017-07-31,0.97458703939,2017-07-31 00:00:00,2017-07-28 00:00:00,002340.XSHE,6.84,6.97,7.77,6.6,6.93,299110335.0,13.0,7.15,7.3,7.52,6.71,6.75,376466240.0,14.0,7.75,7.87,7.87,7.08,7.13,483166804.0,15.0,7.6,7.78,8.53,7.46,7.67,304657158.0,16.0,1.0,1.0,7.09,454559900.0,14:47:00,1.0,0,0.0995260663507,119929405.882,7.09,514956659.0,4.71,False,False
002350.XSHE_2017-08-04,0.932907348243,2017-08-04 00:00:00,2017-08-03 00:00:00,002350.XSHE,13.87,14.35,14.81,13.18,13.44,33778421.0,17.0,14.23,14.8,15.26,13.74,13.74,39135658.0,18.0,15.1,15.65,15.65,14.3,14.8,65324420.0,19.0,14.84,14.98,16.61,14.41,14.6,42220795.0,20.0,1.0,1.0,14.31,25412200.0,10:19:00,1.0,0,0.0611384399157,22763538.9178,20.98,99778784.0,9.77,False,False
002386.XSHE_2017-08-08,1.0,2017-08-08 00:00:00,2017-08-07 00:00:00,002386.XSHE,9.19,9.68,10.53,9.14,9.52,54483069.0,19.0,9.36,9.43,10.11,9.07,9.32,33525140.0,20.0,10.3,10.3,10.3,9.33,9.36,107058577.0,21.0,10.2,10.39,11.33,9.98,10.3,60377387.0,22.0,1.0,1.0,9.33,44824200.0,10:20:00,1.0,0,0.100427350427,11539425.5357,10.76,113579120.0,6.26,False,False
002423.XSHE_2017-08-03,1.01288475304,2017-08-03 00:00:00,2017-08-02 00:00:00,002423.XSHE,13.1,13.59,15.13,12.96,13.55,9671325.0,16.0,12.7,13.35,14.41,12.67,13.08,8495700.0,17.0,13.97,13.97,13.97,12.32,12.66,12662200.0,18.0,13.8,15.03,15.37,13.63,14.15,25125554.0,19.0,1.0,1.0,12.32,10306100.0,14:51:00,1.0,0,0.1,4396856.875,14.2,16368292.0,9.31,False,False
002430.XSHE_2017-08-02,0.940129449838,2017-08-02 00:00:00,2017-08-01 00:00:00,002430.XSHE,11.61,11.75,12.93,11.23,11.5,24097709.0,15.0,11.24,12.37,12.77,11.2,11.73,31882666.0,16.0,12.05,12.36,12.36,10.8,11.23,45063398.0,17.0,11.41,11.98,13.26,11.34,11.62,25125439.0,18.0,1.0,1.0,10.8,32449900.0,13:39:00,1.0,0,0.0720640569395,6690832.24706,12.57,40118739.0,7.91,False,False
002430.XSHE_2017-08-10,1.0,2017-08-10 00:00:00,2017-08-09 00:00:00,002430.XSHE,11.88,12.03,12.54,11.23,11.34,21338138.0,21.0,11.58,11.8,13.07,11.33,11.77,14956660.0,22.0,12.74,12.74,12.74,11.56,11.58,44785491.0,23.0,12.42,12.74,14.01,12.03,12.74,36628869.0,24.0,1.0,1.0,11.58,25896700.0,13:15:00,1.0,0,0.100172711572,7674664.07143,12.57,45063398.0,7.91,False,False
002497.XSHE_2017-08-02,0.998603351955,2017-08-02 00:00:00,2017-08-01 00:00:00,002497.XSHE,12.36,12.49,13.2,11.6,11.97,93135121.0,15.0,13.02,13.58,13.6,12.02,12.2,140265105.0,16.0,14.32,14.32,14.32,13.73,14.12,176166282.0,17.0,14.8,15.25,15.75,13.85,14.3,187528833.0,18.0,1.0,1.0,14.32,18633800.0,09:30:00,0.0,0,0.099846390169,62874266.2051,13.31,188503148.0,7.57,False,False
002632.XSHE_2017-08-07,0.996913580247,2017-08-07 00:00:00,2017-08-04 00:00:00,002632.XSHE,9.07,9.14,9.82,8.78,8.8,6015101.0,18.0,8.84,9.15,9.98,8.83,9.1,4802963.0,19.0,9.64,9.72,9.72,8.8,8.8,21772789.0,20.0,9.62,9.69,10.6,9.31,9.69,15813100.0,21.0,1.0,1.0,8.82,6650700.0,09:59:00,1.0,0,0.0904977375566,4656923.28235,10.91,25147947.0,7.3,False,False
002703.XSHE_2017-07-31,1.02905569007,2017-07-31 00:00:00,2017-07-28 00:00:00,002703.XSHE,11.57,11.94,12.86,11.38,11.5,23011928.0,13.0,11.23,11.65,12.73,11.13,11.61,16615933.0,14.0,12.39,12.39,12.39,11.26,11.26,20517395.0,15.0,12.45,13.32,13.63,12.36,12.75,56215776.0,16.0,1.0,1.0,11.3,12666400.0,09:52:00,0.0,0,0.103294746215,12977150.3253,14.55,35484460.0,7.93,False,False
002753.XSHE_2017-07-26,1.00486941124,2017-07-26 00:00:00,2017-07-25 00:00:00,002753.XSHE,20.98,21.34,22.88,20.37,20.83,8440313.0,10.0,20.54,20.85,23.08,19.98,20.85,6821526.0,11.0,22.59,22.59,22.59,20.24,20.39,23215359.0,12.0,24.25,24.47,24.85,22.16,22.7,24899943.0,13.0,1.0,1.0,20.24,5410500.0,09:46:00,0.0,0,0.0998052580331,3399868.72289,21.99,18358067.0,14.78,False,False
002797.XSHE_2017-08-02,1.01824817518,2017-08-02 00:00:00,2017-08-01 00:00:00,002797.XSHE,9.26,9.36,9.92,9.01,9.01,120743739.0,15.0,9.96,10.18,10.19,9.35,9.39,304321718.0,16.0,10.96,10.96,10.96,9.82,9.91,394014482.0,17.0,11.45,11.65,12.06,10.94,11.16,418910656.0,18.0,1.0,1.0,9.82,306702200.0,13:17:00,0.0,0,0.100401606426,72377152.6988,19.29,303016761.0,8.02,False,False
002802.XSHE_2017-07-27,1.00203114421,2017-07-27 00:00:00,2017-07-26 00:00:00,002802.XSHE,41.02,41.02,44.37,39.39,40.48,5872223.0,11.0,40.28,40.88,45.12,39.58,40.1,4759113.0,12.0,44.31,44.31,44.31,39.31,39.66,11337504.0,13.0,42.7,44.67,48.74,42.54,44.4,8948642.0,14.0,1.0,1.0,39.33,8407700.0,10:57:00,3.0,1,0.100049652433,2635316.96341,66.02,12610616.0,29.85,False,False
002802.XSHE_2017-08-11,,2017-08-11 00:00:00,2017-08-10 00:00:00,002802.XSHE,35.73,36.57,39.83,35.5,36.5,2490408.0,22.0,34.78,35.64,39.3,34.3,35.64,2921377.0,23.0,37.42,38.26,38.26,34.52,34.78,6251334.0,24.0,,,,,,,,1.0,1.0,34.52,1993900.0,09:53:00,4.0,1,0.0792996910402,2791183.7037,66.02,12610616.0,29.85,False,False
002809.XSHE_2017-07-18,1.05170492534,2017-07-18 00:00:00,2017-07-17 00:00:00,002809.XSHE,44.38,46.2,48.59,44.13,44.53,7638246.0,4.0,40.79,44.98,48.82,39.94,44.44,6397363.0,5.0,44.87,44.87,44.87,41.3,41.3,4758395.0,6.0,45.92,47.19,49.36,44.9,47.19,11318994.0,7.0,1.0,1.0,41.7,3321200.0,09:38:00,1.0,0,0.100078595756,5037878.62025,58.47,16237077.0,28.3,False,False
002827.XSHE_2017-08-01,0.954957772912,2017-08-01 00:00:00,2017-07-31 00:00:00,002827.XSHE,28.55,29.26,31.17,27.82,28.01,9277238.0,14.0,29.06,29.19,31.41,28.01,28.39,9475099.0,15.0,31.4,31.97,31.97,28.35,28.8,16738005.0,16.0,30.3,30.75,34.54,29.49,30.53,11858083.0,17.0,1.0,1.0,28.35,15205100.0,14:47:00,2.0,1,0.0805230557467,3467197.39286,36.89,18892208.0,22.21,False,False
300052.XSHE_2017-07-27,1.01851851852,2017-07-27 00:00:00,2017-07-26 00:00:00,300052.XSHE,14.92,15.04,15.95,14.35,14.37,9363677.0,11.0,14.73,15.04,16.41,14.52,14.92,6429979.0,12.0,16.2,16.2,16.2,14.46,14.58,14661284.0,13.0,16.4,16.88,17.82,16.12,16.5,22507948.0,14.0,1.0,1.0,14.46,12234800.0,11:28:00,0.0,0,0.0997963340122,7587196.90588,25.5,14648485.0,13.2,False,False
300080.XSHE_2017-07-28,1.04501216545,2017-07-28 00:00:00,2017-07-27 00:00:00,300080.XSHE,7.38,7.58,8.13,7.34,7.34,9308159.0,12.0,7.47,7.54,8.12,7.31,7.37,12808697.0,13.0,8.22,8.22,8.22,7.48,7.5,28054678.0,14.0,8.65,8.97,9.04,8.45,8.59,64869735.0,15.0,1.0,1.0,7.5,19977100.0,10:45:00,0.0,0,0.100401606426,8062647.65476,9.79,68410419.0,6.83,False,False
300080.XSHE_2017-08-02,0.903361344538,2017-08-02 00:00:00,2017-08-01 00:00:00,300080.XSHE,8.65,8.97,9.04,8.45,8.59,64869735.0,15.0,8.65,9.37,9.52,8.54,9.05,49892567.0,16.0,9.18,9.52,9.52,8.71,8.82,89655834.0,17.0,8.36,8.69,10.1,8.26,8.6,69089020.0,18.0,1.0,1.0,8.72,65293900.0,13:13:00,1.0,0,0.100401606426,8002841.57831,9.68,68410419.0,6.83,False,False
300093.XSHE_2017-07-18,1.04737183647,2017-07-18 00:00:00,2017-07-17 00:00:00,300093.XSHE,15.23,15.5,17.36,15.05,15.46,9507649.0,4.0,14.01,15.18,16.75,13.72,15.07,8835466.0,5.0,15.41,15.41,15.41,14.05,14.14,8385974.0,6.0,16.95,16.95,16.95,15.78,16.14,21450381.0,7.0,1.0,1.0,14.05,6981200.0,11:08:00,1.0,0,0.100371747212,2859166.8,24.55,17554032.0,13.42,False,False
300133.XSHE_2017-08-08,0.978056426332,2017-08-08 00:00:00,2017-08-07 00:00:00,300133.XSHE,11.34,11.6,12.67,11.26,11.52,25326562.0,19.0,11.6,11.96,12.47,11.45,11.45,42430760.0,20.0,12.76,12.76,12.76,11.51,11.6,80312004.0,21.0,12.57,12.77,14.04,12.3,12.48,61746085.0,22.0,1.0,1.0,11.55,68552900.0,14:48:00,0.0,0,0.1,11880366.3333,11.97,68786633.0,8.99,False,False
300215.XSHE_2017-07-18,1.01208981002,2017-07-18 00:00:00,2017-07-17 00:00:00,300215.XSHE,11.13,11.86,12.11,11.01,11.2,41040505.0,4.0,10.53,11.25,12.24,10.35,11.1,26402417.0,5.0,11.58,11.58,11.58,10.53,10.53,23378414.0,6.0,11.75,11.9,12.74,11.33,11.72,41387598.0,7.0,1.0,1.0,10.55,18755500.0,13:27:00,1.0,0,0.0999000999001,12290419.5476,15.32,39092209.0,9.58,False,False
300295.XSHE_2017-07-26,0.962282398453,2017-07-26 00:00:00,2017-07-25 00:00:00,300295.XSHE,19.1,19.98,20.55,19.02,19.57,14266990.0,10.0,18.8,18.95,21.01,18.24,18.8,7788199.0,11.0,20.31,20.68,20.68,18.52,18.95,19543641.0,12.0,21.5,22.25,22.34,19.7,19.9,24276411.0,13.0,1.0,1.0,18.52,17515300.0,14:31:00,1.0,0,0.10011778563,3016806.25882,27.48,6892094.0,16.02,False,False
300344.XSHE_2017-08-11,,2017-08-11 00:00:00,2017-08-10 00:00:00,300344.XSHE,13.2,13.57,14.28,12.68,12.8,43276592.0,22.0,12.98,13.39,14.52,12.6,13.26,31497543.0,23.0,13.96,14.28,14.28,12.77,12.82,76814874.0,24.0,,,,,,,,1.0,1.0,12.78,54602600.0,13:55:00,1.0,0,0.075500770416,33084206.7917,19.52,109884400.0,9.5,False,False
300374.XSHE_2017-07-24,0.974184782609,2017-07-24 00:00:00,2017-07-21 00:00:00,300374.XSHE,26.37,27.78,29.0,26.16,26.16,13616071.0,8.0,26.76,27.27,29.01,25.15,25.15,12581189.0,9.0,28.82,29.44,29.44,26.35,26.58,19384956.0,10.0,29.29,29.3,31.7,27.72,28.68,14552149.0,11.0,1.0,1.0,26.46,15266600.0,14:08:00,1.0,0,0.076980568012,10082549.5867,31.67,30801588.0,18.87,False,False
300374.XSHE_2017-07-27,1.01184758245,2017-07-27 00:00:00,2017-07-26 00:00:00,300374.XSHE,29.29,29.3,31.7,27.72,28.68,14552149.0,11.0,28.39,30.21,32.22,28.3,28.8,14435727.0,12.0,31.23,31.23,31.23,28.64,28.96,18527022.0,13.0,30.68,32.56,34.35,30.4,31.6,17667861.0,14.0,1.0,1.0,28.65,17563700.0,14:32:00,1.0,0,0.10003522367,10115649.24,31.67,30801588.0,18.87,False,False
300377.XSHE_2017-08-02,0.940323955669,2017-08-02 00:00:00,2017-08-01 00:00:00,300377.XSHE,10.64,10.88,11.76,10.33,10.56,16517686.0,15.0,10.66,10.74,11.7,10.4,10.58,12192917.0,16.0,11.19,11.73,11.73,10.53,10.56,35983774.0,17.0,12.31,12.31,12.31,10.9,11.03,51377483.0,18.0,1.0,1.0,10.54,8877200.0,10:24:00,1.0,0,0.0995807127883,12727172.0471,16.54,38679164.0,9.3,False,False
300377.XSHE_2017-08-08,0.988779803647,2017-08-08 00:00:00,2017-08-07 00:00:00,300377.XSHE,12.96,13.26,13.54,12.25,12.59,68495526.0,19.0,12.96,13.58,14.26,12.5,12.7,58588460.0,20.0,14.26,14.26,14.26,12.63,12.72,94049954.0,21.0,15.68,15.69,15.69,14.02,14.1,112220403.0,22.0,1.0,1.0,12.63,33335400.0,10:44:00,2.0,0,0.100308641975,12372533.9759,15.59,51377483.0,9.3,False,False
300500.XSHE_2017-08-11,,2017-08-11 00:00:00,2017-08-10 00:00:00,300500.XSHE,33.2,34.07,37.48,32.03,34.07,6350622.0,20.0,31.64,34.14,36.52,31.5,32.9,6771170.0,21.0,34.8,34.8,34.8,30.96,31.59,8813926.0,22.0,,,,,,,,1.0,1.0,30.98,7764100.0,13:45:00,2.0,1,0.100142045455,1619540.87952,46.74,10339596.0,24.22,False,False
300511.XSHE_2017-07-27,0.977678571429,2017-07-27 00:00:00,2017-07-26 00:00:00,300511.XSHE,20.22,21.26,23.86,20.13,21.11,5793008.0,11.0,20.36,20.58,22.24,20.16,20.18,2714347.0,12.0,21.87,22.4,22.4,20.18,20.24,7710860.0,13.0,22.22,22.4,24.06,21.71,21.9,6595826.0,14.0,1.0,1.0,,,,0.0,0,0.0741650294695,2799521.89412,30.18,17762178.0,17.88,False,False
300541.XSHE_2017-08-09,1.01298701299,2017-08-09 00:00:00,2017-08-08 00:00:00,300541.XSHE,26.0,26.76,28.6,25.5,25.5,1246141.0,20.0,28.0,28.36,28.6,25.45,25.81,3491604.0,21.0,30.8,30.8,30.8,27.53,27.54,5556959.0,22.0,32.01,33.5,33.88,31.2,31.2,6704844.0,23.0,1.0,1.0,27.53,4938000.0,14:49:00,1.0,0,0.1,898423.333333,43.86,4577389.0,22.98,False,False
300601.XSHE_2017-07-31,0.976737338045,2017-07-31 00:00:00,2017-07-28 00:00:00,300601.XSHE,28.98,29.72,31.14,28.0,28.22,3211265.0,13.0,30.87,31.67,31.88,30.13,30.5,4946294.0,14.0,33.2,33.96,33.96,31.05,31.2,6430863.0,15.0,32.0,33.18,36.52,31.75,33.17,4219836.0,16.0,1.0,1.0,31.05,3838600.0,10:35:00,0.0,0,0.0754778101717,2044796.84706,40.8,11949365.0,23.99,False,False
300609.XSHE_2017-07-27,0.99128540305,2017-07-27 00:00:00,2017-07-26 00:00:00,300609.XSHE,43.48,43.5,46.19,41.5,41.81,5007987.0,11.0,41.73,43.77,47.83,41.15,43.2,4764952.0,12.0,45.9,45.9,45.9,41.0,41.42,8184066.0,13.0,46.65,47.63,50.49,44.66,45.5,8426701.0,14.0,1.0,1.0,41.0,3959600.0,10:55:00,0.0,0,0.0999281092739,3250794.775,75.42,14269042.0,31.63,False,False
300619.XSHE_2017-08-02,1.01630181649,2017-08-02 00:00:00,2017-08-01 00:00:00,300619.XSHE,38.51,38.98,42.63,37.71,38.01,1235495.0,15.0,39.04,39.25,42.36,38.06,38.31,1561760.0,16.0,42.94,42.94,42.94,39.2,39.2,3852330.0,17.0,42.39,43.64,47.23,41.0,43.64,3972973.0,18.0,1.0,1.0,39.21,3245300.0,10:38:00,0.0,0,0.0998975409836,2374163.55128,87.62,12008461.0,35.8,False,False
300649.XSHE_2017-07-24,0.980060831362,2017-07-24 00:00:00,2017-07-21 00:00:00,300649.XSHE,56.21,58.98,63.07,55.78,56.11,5691079.0,8.0,53.8,55.97,61.83,53.41,54.81,4776477.0,9.0,59.18,59.18,59.18,53.0,53.28,5915746.0,10.0,61.02,63.99,65.1,57.62,58.0,7576518.0,11.0,1.0,1.0,53.01,5103100.0,14:01:00,2.0,1,0.1,5212198.2,66.68,13762886.0,11.9,False,False
300649.XSHE_2017-07-27,1.03686635945,2017-07-27 00:00:00,2017-07-26 00:00:00,300649.XSHE,61.02,63.99,65.1,57.62,58.0,7576518.0,11.0,63.13,63.16,67.12,59.49,61.0,5503767.0,12.0,69.44,69.44,69.44,62.5,63.13,6751500.0,13.0,70.5,73.44,76.38,69.56,72.0,6141459.0,14.0,1.0,1.0,62.52,4085400.0,10:48:00,3.0,1,0.1,5291314.15625,66.68,13762886.0,11.9,False,False
300666.XSHE_2017-07-27,0.974374079529,2017-07-27 00:00:00,2017-07-26 00:00:00,300666.XSHE,28.49,30.28,30.36,26.92,27.67,25462093.0,11.0,30.86,31.28,31.34,28.11,28.8,22149725.0,12.0,33.55,33.95,33.95,29.21,30.3,24748535.0,13.0,31.9,33.68,36.91,31.35,33.08,18157383.0,14.0,1.0,1.0,29.3,22974100.0,14:49:00,2.0,0,0.100039856517,16230177.2857,32.4,31974187.0,5.57,False,True
300671.XSHE_2017-07-27,1.03719599428,2017-07-27 00:00:00,2017-07-26 00:00:00,300671.XSHE,24.02,24.72,26.72,23.68,23.88,5636456.0,11.0,25.42,25.75,26.42,23.67,23.95,9259962.0,12.0,27.96,27.96,27.96,25.0,25.02,10452942.0,13.0,28.4,29.96,30.76,27.96,29.0,13774478.0,14.0,1.0,1.0,25.0,8052900.0,10:56:00,0.0,0,0.0999213217939,11801197.0,27.86,16597956.0,10.58,False,True
300672.XSHE_2017-08-03,0.960866526904,2017-08-03 00:00:00,2017-08-02 00:00:00,300672.XSHE,25.8,26.82,29.15,25.0,26.53,6306205.0,14.0,26.02,26.13,28.38,25.45,25.6,4149765.0,15.0,28.05,28.62,28.62,25.87,25.9,9706525.0,16.0,26.34,27.95,30.86,26.33,27.5,7067396.0,17.0,1.0,1.0,25.87,4734600.0,10:42:00,0.0,0,0.0780169100692,11108750.5,28.58,17665903.0,10.18,False,True
300675.XSHE_2017-08-11,,2017-08-11 00:00:00,2017-08-10 00:00:00,300675.XSHE,16.82,18.24,20.56,16.82,18.0,17973503.0,15.0,16.35,17.29,18.5,16.32,16.6,12752436.0,16.0,17.99,17.99,17.99,17.32,17.99,16258244.0,17.0,,,,,,,,1.0,1.0,17.99,1973100.0,09:30:00,0.0,0,0.100305810398,,19.61,25662296.0,4.39,False,True
600039.XSHG_2017-08-09,0.932135728543,2017-08-09 00:00:00,2017-08-08 00:00:00,600039.XSHG,4.57,4.57,4.93,4.5,4.52,25037215.0,20.0,4.55,4.63,5.03,4.52,4.6,27920304.0,21.0,4.8,5.01,5.01,4.74,5.01,204503251.0,22.0,4.63,4.73,5.28,4.62,4.67,96001174.0,23.0,1.0,1.0,4.98,35092800.0,09:30:00,1.0,0,0.0549450549451,30293638.1294,5.27,154710706.0,3.78,False,False
600111.XSHG_2017-07-26,0.977806788512,2017-07-26 00:00:00,2017-07-25 00:00:00,600111.XSHG,14.13,14.3,15.54,13.83,14.03,89067977.0,10.0,13.93,14.48,15.54,13.8,14.14,134488606.0,11.0,15.14,15.32,15.32,14.03,14.39,294237925.0,12.0,15.75,16.41,16.65,14.96,14.98,308025786.0,13.0,1.0,1.0,14.05,262386000.0,14:33:00,0.0,0,0.0868628858579,30632102.9048,14.88,320418177.0,10.56,False,False
600111.XSHG_2017-07-31,0.994089199355,2017-07-31 00:00:00,2017-07-28 00:00:00,600111.XSHG,15.75,16.41,16.65,14.96,14.98,308025786.0,13.0,16.92,17.3,17.33,15.4,15.55,263066750.0,14.0,18.61,18.61,18.61,17.05,17.1,313060583.0,15.0,18.11,18.5,20.47,17.71,18.5,260127620.0,16.0,1.0,1.0,17.11,281420800.0,14:46:00,0.0,0,0.0998817966903,32580096.5783,15.32,320418177.0,10.56,False,False
600111.XSHG_2017-08-07,1.00783289817,2017-08-07 00:00:00,2017-08-04 00:00:00,600111.XSHG,18.36,18.42,19.75,17.43,17.62,227742250.0,18.0,17.41,19.1,20.2,17.39,18.31,259641925.0,19.0,19.15,19.15,19.15,17.5,17.5,369014134.0,20.0,19.57,20.39,21.07,19.01,19.3,379977818.0,21.0,1.0,1.0,17.51,292907600.0,14:40:00,1.0,0,0.0999425617461,43763718.2805,19.39,330458029.0,10.56,False,False
600121.XSHG_2017-08-04,0.949152542373,2017-08-04 00:00:00,2017-08-03 00:00:00,600121.XSHG,6.04,6.26,6.37,6.03,6.08,17897792.0,17.0,6.18,6.19,6.34,5.98,6.01,10088989.0,18.0,6.18,6.49,6.49,6.15,6.15,31812391.0,19.0,6.31,6.34,6.49,6.07,6.16,14519713.0,20.0,1.0,1.0,6.16,12586000.0,10:16:00,1.0,0,0.0455974842767,9112522.43902,6.57,35247588.0,4.42,True,False
600133.XSHG_2017-07-21,0.997076023392,2017-07-21 00:00:00,2017-07-20 00:00:00,600133.XSHG,11.82,12.0,12.96,11.52,11.62,78263216.0,7.0,12.44,12.96,13.0,11.44,11.65,88467330.0,8.0,13.64,13.68,13.68,12.23,12.43,116941785.0,9.0,13.41,14.71,15.0,13.03,13.64,157408498.0,10.0,1.0,1.0,12.25,83772000.0,13:52:00,1.0,0,0.0999066293184,22690816.5422,11.78,87590198.0,7.2,False,False
600148.XSHG_2017-07-24,1.01077050539,2017-07-24 00:00:00,2017-07-21 00:00:00,600148.XSHG,34.08,34.8,35.41,31.75,31.86,20850136.0,8.0,32.92,33.8,37.49,32.69,33.33,14223907.0,9.0,36.21,36.21,36.21,32.71,33.0,21669642.0,10.0,35.85,36.97,39.83,35.12,36.6,18168471.0,11.0,1.0,1.0,32.71,20925600.0,14:55:00,1.0,0,0.100071736011,6240427.06024,36.99,20571997.0,19.68,False,False
600148.XSHG_2017-08-04,0.997134670487,2017-08-04 00:00:00,2017-08-03 00:00:00,600148.XSHG,31.33,33.4,37.3,31.0,33.2,16784710.0,17.0,31.73,32.4,34.46,31.2,31.41,9268926.0,18.0,34.9,34.9,34.9,31.77,31.78,22295504.0,19.0,34.08,34.86,38.39,33.29,34.8,13728826.0,20.0,1.0,1.0,31.77,16058800.0,13:48:00,2.0,0,0.0999054522534,7303315.69512,37.88,21669642.0,19.68,False,False
600191.XSHG_2017-07-21,1.0253164557,2017-07-21 00:00:00,2017-07-20 00:00:00,600191.XSHG,13.64,13.85,15.07,13.16,13.74,43013368.0,7.0,14.36,14.79,15.0,13.15,13.42,51972840.0,8.0,15.8,15.8,15.8,14.02,14.15,56847789.0,9.0,16.55,17.38,17.38,16.03,16.2,76275407.0,10.0,1.0,1.0,14.04,50101500.0,14:12:00,1.0,0,0.100278551532,12433947.1807,13.73,71387766.0,8.29,False,False
600199.XSHG_2017-08-10,1.0,2017-08-10 00:00:00,2017-08-09 00:00:00,600199.XSHG,8.63,8.73,9.56,8.55,8.6,10454733.0,21.0,8.82,9.06,9.49,8.57,8.57,26989787.0,22.0,9.7,9.7,9.7,8.73,8.73,79950342.0,23.0,9.2,9.72,10.67,9.14,9.7,55893936.0,24.0,1.0,1.0,8.73,26808900.0,10:18:00,0.0,0,0.0997732426304,7399539.90588,9.76,29458403.0,7.26,False,False
600219.XSHG_2017-08-07,1.0097323601,2017-08-07 00:00:00,2017-08-04 00:00:00,600219.XSHG,3.81,3.93,4.13,3.72,3.76,332703999.0,18.0,3.74,3.92,4.19,3.73,3.79,295597136.0,19.0,4.11,4.11,4.11,3.72,3.75,694082820.0,20.0,4.29,4.35,4.52,4.08,4.15,839750666.0,21.0,1.0,1.0,3.72,413399100.0,14:10:00,0.0,0,0.0989304812834,79959298.5059,3.96,460034660.0,3.06,False,False
600230.XSHG_2017-07-20,0.999511121975,2017-07-20 00:00:00,2017-07-19 00:00:00,600230.XSHG,35.39,35.48,36.75,33.1,33.2,26602521.0,6.0,37.19,37.39,38.93,35.24,35.58,34562346.0,7.0,40.91,40.91,40.91,37.02,37.4,45678914.0,8.0,43.26,44.47,45.0,40.12,40.89,39840493.0,9.0,1.0,1.0,37.05,20465200.0,10:29:00,0.0,0,0.100026888949,14829008.6375,35.29,40232767.0,23.02,False,False
600230.XSHG_2017-07-25,1.03411053541,2017-07-25 00:00:00,2017-07-24 00:00:00,600230.XSHG,43.26,44.47,45.0,40.12,40.89,39840493.0,9.0,42.11,45.83,47.59,41.9,43.0,39822153.0,10.0,46.32,46.32,46.32,42.53,43.0,38763079.0,11.0,49.9,50.95,50.95,46.9,47.9,48303382.0,12.0,1.0,1.0,42.57,36068100.0,14:29:00,1.0,0,0.100026888949,15541466.2658,40.91,45678914.0,23.02,False,False
600230.XSHG_2017-07-31,1.00828381055,2017-07-31 00:00:00,2017-07-28 00:00:00,600230.XSHG,50.83,52.49,54.89,47.92,49.54,42852568.0,13.0,50.48,51.46,55.91,48.11,50.55,38033496.0,14.0,55.53,55.53,55.53,48.29,48.68,42873516.0,15.0,55.07,57.86,61.08,54.09,55.99,41722124.0,16.0,1.0,1.0,48.29,33035700.0,13:26:00,2.0,0,0.100039619651,16296996.5714,50.95,48303382.0,23.02,False,False
600231.XSHG_2017-08-09,0.95652173913,2017-08-09 00:00:00,2017-08-08 00:00:00,600231.XSHG,5.01,5.16,5.37,4.6,5.1,223748674.0,20.0,4.81,5.01,5.51,4.72,4.88,151199081.0,21.0,5.29,5.29,5.29,4.58,4.73,177651772.0,22.0,5.17,5.53,5.82,5.01,5.06,165450128.0,23.0,1.0,1.0,4.58,131168900.0,14:15:00,1.0,0,0.100985221675,30067633.8554,4.92,198769363.0,2.76,False,False
600282.XSHG_2017-07-31,0.99209486166,2017-07-31 00:00:00,2017-07-28 00:00:00,600282.XSHG,4.5,4.64,4.99,4.4,4.49,119156616.0,13.0,4.6,4.63,4.95,4.4,4.49,106412682.0,14.0,4.99,5.06,5.06,4.67,4.67,208538059.0,15.0,5.04,5.13,5.49,4.9,5.02,139258012.0,16.0,1.0,1.0,4.68,194786400.0,14:36:00,0.0,0,0.0847826086957,49600391.1176,4.7,284594785.0,3.02,False,False
600291.XSHG_2017-07-21,1.00460962259,2017-07-21 00:00:00,2017-07-20 00:00:00,600291.XSHG,29.22,29.28,31.74,28.41,28.85,58948713.0,7.0,31.55,32.08,32.14,28.62,29.03,78537619.0,8.0,34.71,34.71,34.71,31.21,31.56,90401196.0,9.0,33.91,37.83,38.18,33.0,34.87,121472380.0,10.0,1.0,1.0,31.21,74526500.0,14:14:00,0.0,0,0.100158478605,25801955.8537,29.8,109475997.0,13.81,False,False
600316.XSHG_2017-08-04,1.00859291085,2017-08-04 00:00:00,2017-08-03 00:00:00,600316.XSHG,17.0,17.15,19.03,16.63,17.15,21114318.0,17.0,16.93,17.09,18.7,16.81,16.89,11260538.0,18.0,18.62,18.62,18.62,17.06,17.06,39901397.0,19.0,18.84,18.86,20.48,18.12,18.78,32875298.0,20.0,1.0,1.0,17.09,36330200.0,13:28:00,1.0,0,0.0998227997637,9244018.44706,23.44,38842525.0,14.3,False,False
600326.XSHG_2017-07-19,1.0,2017-07-19 00:00:00,2017-07-18 00:00:00,600326.XSHG,11.76,12.38,13.3,11.29,12.1,193017848.0,5.0,11.96,12.7,12.94,11.4,11.49,196009031.0,6.0,13.16,13.16,13.16,11.82,11.82,210617797.0,7.0,12.72,13.16,14.48,12.55,13.16,199227443.0,8.0,1.0,1.0,11.85,200825600.0,13:52:00,2.0,1,0.100378787879,56824659.1951,12.4,252560921.0,7.41,False,False
600326.XSHG_2017-08-04,0.964204112719,2017-08-04 00:00:00,2017-08-03 00:00:00,600326.XSHG,11.99,12.44,14.0,11.87,12.41,140811380.0,17.0,11.94,12.16,13.19,11.64,11.83,79388971.0,18.0,12.82,13.13,13.13,11.94,11.94,209681341.0,19.0,12.52,12.79,14.1,12.1,12.66,126320102.0,20.0,1.0,1.0,11.98,168500100.0,14:04:00,3.0,1,0.0737018425461,70901299.1341,13.16,252560921.0,7.41,False,False
600354.XSHG_2017-08-08,0.976239669421,2017-08-08 00:00:00,2017-08-07 00:00:00,600354.XSHG,8.69,9.05,9.88,8.66,8.97,31213844.0,19.0,8.8,8.8,9.56,8.43,8.68,26870388.0,20.0,9.58,9.68,9.68,8.66,8.72,83184461.0,21.0,9.35,9.52,10.54,9.21,9.45,49722974.0,22.0,1.0,1.0,8.66,66972300.0,14:38:00,1.0,0,0.0886363636364,21460668.1548,10.29,107855880.0,6.46,False,False
600385.XSHG_2017-07-21,1.00662690524,2017-07-21 00:00:00,2017-07-20 00:00:00,600385.XSHG,13.49,13.53,14.82,12.96,13.2,3075497.0,7.0,13.72,13.92,14.84,13.3,13.3,3529041.0,8.0,15.09,15.09,15.09,14.18,14.18,4682333.0,9.0,15.43,15.9,16.6,15.16,15.19,12358148.0,10.0,1.0,1.0,14.27,2343000.0,09:34:00,0.0,0,0.0998542274052,2240454.72941,21.45,10109826.0,12.25,False,False
600389.XSHG_2017-07-31,,2017-07-31 00:00:00,2017-07-28 00:00:00,600389.XSHG,18.96,19.99,20.9,18.9,18.9,7248709.0,13.0,19.18,19.2,20.86,18.64,18.86,3147331.0,14.0,21.05,21.1,21.1,19.3,19.3,12934118.0,15.0,,,,,,,,1.0,1.0,19.37,11178100.0,14:38:00,0.0,0,0.0974973931178,1611686.44706,19.56,6090018.0,14.53,False,False
600392.XSHG_2017-08-07,1.03375337534,2017-08-07 00:00:00,2017-08-04 00:00:00,600392.XSHG,21.52,21.6,22.17,19.88,19.9,108634395.0,18.0,20.2,22.68,23.67,19.73,21.4,129774412.0,19.0,22.22,22.22,22.22,20.21,20.5,131857969.0,20.0,23.44,24.35,24.44,22.52,22.97,165956092.0,21.0,1.0,1.0,20.23,94215200.0,13:06:00,1.0,0,0.1,26726912.3253,22.1,137876933.0,10.71,False,False
600401.XSHG_2017-08-11,,2017-08-11 00:00:00,2017-08-10 00:00:00,600401.XSHG,1.41,1.42,1.49,1.4,1.41,34080500.0,22.0,1.43,1.44,1.48,1.4,1.41,72956841.0,23.0,1.5,1.5,1.5,1.42,1.43,184002560.0,24.0,,,,,,,,1.0,1.0,1.42,46953000.0,09:49:00,1.0,0,0.048951048951,52834736.3659,2.43,195902618.0,1.31,True,False
600425.XSHG_2017-07-14,1.01069518717,2017-07-14 00:00:00,2017-07-13 00:00:00,600425.XSHG,3.42,3.46,3.62,3.29,3.45,34311776.0,2.0,3.56,3.58,3.59,3.39,3.42,40445299.0,3.0,3.74,3.74,3.74,3.53,3.55,51488959.0,4.0,3.61,3.85,3.93,3.55,3.78,68887680.0,5.0,1.0,1.0,3.53,46457300.0,14:51:00,0.0,0,0.0505617977528,57509409.025,8.29,369535161.0,2.94,True,False
600507.XSHG_2017-07-31,1.01151315789,2017-07-31 00:00:00,2017-07-28 00:00:00,600507.XSHG,10.61,11.29,11.92,10.55,10.68,67604020.0,13.0,11.05,11.1,11.67,10.02,10.53,58164463.0,14.0,12.16,12.16,12.16,11.17,11.17,102406471.0,15.0,11.77,12.35,13.38,11.55,12.3,82704260.0,16.0,1.0,1.0,11.18,53932000.0,10:15:00,2.0,1,0.100452488688,22018481.0833,11.94,116561108.0,6.13,False,False
600507.XSHG_2017-08-07,1.01658255227,2017-08-07 00:00:00,2017-08-04 00:00:00,600507.XSHG,13.19,13.22,13.23,11.56,11.68,72381931.0,18.0,12.61,14.25,14.51,12.44,13.13,95778115.0,19.0,13.87,13.87,13.87,12.72,13.06,72111337.0,20.0,14.37,14.61,15.26,13.5,14.1,92057253.0,21.0,1.0,1.0,12.72,67716300.0,14:18:00,3.0,1,0.0999206978588,24610090.3855,12.59,116561108.0,6.13,False,False
600516.XSHG_2017-07-24,0.983416891631,2017-07-24 00:00:00,2017-07-21 00:00:00,600516.XSHG,23.8,24.83,25.55,23.1,23.1,203979952.0,8.0,23.57,24.49,26.18,23.38,23.6,140948119.0,9.0,25.93,25.93,25.93,23.77,23.89,196911405.0,10.0,27.49,28.17,28.52,24.42,25.5,239065091.0,11.0,1.0,1.0,23.79,184282000.0,14:44:00,0.0,0,0.100127280441,64396891.6296,23.49,289686960.0,8.66,False,False
600516.XSHG_2017-07-28,1.04564584008,2017-07-28 00:00:00,2017-07-27 00:00:00,600516.XSHG,28.52,29.85,30.24,27.0,27.0,236609675.0,12.0,28.08,29.09,31.37,27.58,28.98,169118018.0,13.0,30.89,30.89,30.89,28.61,29.0,207799757.0,14.0,33.98,33.98,33.98,31.31,32.3,229889592.0,15.0,1.0,1.0,28.7,192736800.0,14:44:00,1.0,0,0.100127280441,71049433.4,28.17,289686960.0,8.66,False,False
600604.XSHG_2017-08-10,1.02173913043,2017-08-10 00:00:00,2017-08-09 00:00:00,600604.XSHG,8.87,8.92,9.5,8.34,8.5,34666674.0,21.0,8.78,8.85,9.76,8.55,8.71,29930948.0,22.0,9.66,9.66,9.66,8.79,8.8,55235830.0,23.0,10.07,10.6,10.63,9.8,9.87,91628394.0,24.0,1.0,1.0,8.8,28112000.0,09:47:00,3.0,1,0.100227790433,8709417.9759,9.69,72410111.0,6.06,False,False
600636.XSHG_2017-08-09,1.02150537634,2017-08-09 00:00:00,2017-08-08 00:00:00,600636.XSHG,13.82,15.25,15.28,13.82,15.25,22708004.0,1.0,14.17,14.24,14.51,13.37,13.5,19421312.0,2.0,14.88,14.88,14.88,14.08,14.17,11379702.0,3.0,15.62,15.62,15.62,15.01,15.2,7864078.0,4.0,1.0,1.0,14.08,3219800.0,09:54:00,0.0,0,0.0616113744076,11481390.369,16.87,25795666.0,10.57,True,False
600696.XSHG_2017-07-31,0.988555078684,2017-07-31 00:00:00,2017-07-28 00:00:00,600696.XSHG,6.75,6.77,7.09,6.66,6.72,1745002.0,13.0,6.66,6.77,7.09,6.66,6.77,1594306.0,14.0,6.99,6.99,6.99,6.75,6.75,6770580.0,15.0,6.79,6.96,7.34,6.72,6.91,5575444.0,16.0,1.0,1.0,6.75,1943400.0,09:46:00,0.0,0,0.0495495495495,6272158.41975,12.32,42571919.0,6.07,True,False
600740.XSHG_2017-07-28,1.03040935673,2017-07-28 00:00:00,2017-07-27 00:00:00,600740.XSHG,8.09,8.27,8.61,7.67,7.77,59210290.0,12.0,7.77,8.07,8.9,7.6,7.96,43199548.0,13.0,8.55,8.55,8.55,7.67,7.68,86402376.0,14.0,9.19,9.35,9.41,8.63,8.81,126405003.0,15.0,1.0,1.0,7.67,75955400.0,13:08:00,0.0,0,0.100386100386,15156613.1548,8.38,76471578.0,5.74,False,False
600740.XSHG_2017-08-02,0.940695296524,2017-08-02 00:00:00,2017-08-01 00:00:00,600740.XSHG,9.19,9.35,9.41,8.63,8.81,126405003.0,15.0,8.89,9.15,10.11,8.73,9.12,76157566.0,16.0,9.46,9.78,9.78,8.79,8.95,134868033.0,17.0,9.4,9.42,10.41,9.0,9.2,83954096.0,18.0,1.0,1.0,8.8,90849200.0,11:29:00,1.0,0,0.100386100386,16016583.7952,8.55,86402376.0,5.74,False,False
600747.XSHG_2017-07-19,1.0,2017-07-19 00:00:00,2017-07-18 00:00:00,600747.XSHG,2.48,2.67,2.74,2.48,2.62,19105100.0,5.0,2.49,2.5,2.6,2.43,2.44,15274301.0,6.0,2.61,2.61,2.61,2.47,2.48,21099526.0,7.0,2.64,2.7,2.74,2.6,2.61,21035869.0,8.0,1.0,1.0,2.47,9173100.0,11:17:00,0.0,0,0.0498084291188,21926577.8659,5.45,104257209.0,2.26,True,False
600782.XSHG_2017-07-31,1.00200803213,2017-07-31 00:00:00,2017-07-28 00:00:00,600782.XSHG,4.42,4.69,5.09,4.36,4.55,87649460.0,13.0,4.53,4.56,4.86,4.35,4.42,59079416.0,14.0,4.96,4.98,4.98,4.6,4.6,137080212.0,15.0,5.02,5.08,5.46,4.89,4.99,80422963.0,16.0,1.0,1.0,4.64,110821200.0,13:27:00,0.0,0,0.0949227373068,43097158.5176,4.98,131407757.0,2.96,False,False
600792.XSHG_2017-08-02,0.996350364964,2017-08-02 00:00:00,2017-08-01 00:00:00,600792.XSHG,5.19,5.22,5.52,5.0,5.04,27690984.0,15.0,4.98,5.15,5.71,4.92,5.15,21047891.0,16.0,5.48,5.48,5.48,4.95,4.98,64416462.0,17.0,5.56,5.58,6.03,5.34,5.46,60537900.0,18.0,1.0,1.0,4.95,23071200.0,13:16:00,1.0,0,0.100401606426,6643821.72941,5.66,53778863.0,4.07,False,False
600792.XSHG_2017-08-09,0.994923857868,2017-08-09 00:00:00,2017-08-08 00:00:00,600792.XSHG,5.47,5.5,5.87,5.13,5.3,34636713.0,20.0,5.37,5.6,6.02,5.33,5.42,33835206.0,21.0,5.91,5.91,5.91,5.33,5.38,57136874.0,22.0,5.9,5.93,6.5,5.7,5.88,52821218.0,23.0,1.0,1.0,5.33,47252900.0,14:05:00,2.0,0,0.100558659218,7953355.19048,5.8,64416462.0,4.07,False,False
600801.XSHG_2017-08-10,0.973646723647,2017-08-10 00:00:00,2017-08-09 00:00:00,600801.XSHG,12.74,12.92,13.82,12.38,12.48,44491571.0,21.0,12.76,13.18,14.01,12.51,13.1,39777752.0,22.0,14.04,14.04,14.04,12.66,12.7,96800563.0,23.0,12.69,13.95,15.44,12.64,13.67,78882063.0,24.0,1.0,1.0,12.67,90791800.0,14:53:00,0.0,0,0.100313479624,26086823.6786,13.7,98723473.0,7.53,False,False
600814.XSHG_2017-07-18,0.979571984436,2017-07-18 00:00:00,2017-07-17 00:00:00,600814.XSHG,9.94,10.0,10.89,9.63,9.87,12976514.0,4.0,9.34,9.82,10.93,8.95,9.8,13892990.0,5.0,10.28,10.28,10.28,9.16,9.27,25049523.0,6.0,10.31,10.55,11.31,10.03,10.07,30630848.0,7.0,1.0,1.0,9.16,15272256.0,14:30:00,1.0,0,0.100642398287,5620044.57143,12.45,35990440.0,8.05,False,False
600844.XSHG_2017-08-04,1.01694915254,2017-08-04 00:00:00,2017-08-03 00:00:00,600844.XSHG,7.13,7.28,7.4,7.0,7.08,4446893.0,17.0,7.3,7.33,7.49,7.13,7.13,4447199.0,18.0,7.67,7.67,7.67,7.47,7.48,8377839.0,19.0,7.73,7.82,8.05,7.52,7.8,6091200.0,20.0,1.0,1.0,7.47,1315500.0,09:31:00,0.0,0,0.0506849315068,2549631.0241,8.15,10284914.0,6.11,True,False
600846.XSHG_2017-07-31,0.954162768943,2017-07-31 00:00:00,2017-07-28 00:00:00,600846.XSHG,9.66,10.15,10.88,9.61,9.8,67562906.0,13.0,9.72,10.05,10.63,9.51,9.51,53996779.0,14.0,10.44,10.69,10.69,9.79,9.93,95943638.0,15.0,10.3,10.58,11.48,10.06,10.2,70995258.0,16.0,1.0,1.0,9.79,54513100.0,10:51:00,2.0,1,0.0740740740741,12802217.0,9.95,108770636.0,7.45,False,False
600846.XSHG_2017-08-03,1.0480349345,2017-08-03 00:00:00,2017-08-02 00:00:00,600846.XSHG,10.3,10.58,11.48,10.06,10.2,70995258.0,16.0,10.41,10.8,11.33,10.03,10.25,72670318.0,17.0,11.45,11.45,11.45,10.8,10.8,37582628.0,18.0,11.85,12.5,12.6,11.45,12.0,120860557.0,19.0,1.0,1.0,11.01,11182600.0,09:30:00,2.0,1,0.0999039385207,14489039.5422,10.69,108770636.0,7.45,False,False
600862.XSHG_2017-08-04,1.03188662533,2017-08-04 00:00:00,2017-08-03 00:00:00,600862.XSHG,10.21,10.51,11.57,10.17,10.5,11758698.0,17.0,10.26,10.32,11.23,10.16,10.21,6738485.0,18.0,11.29,11.29,11.29,10.31,10.31,35294903.0,19.0,11.79,11.99,12.42,11.41,11.65,52694570.0,20.0,1.0,1.0,10.32,23923000.0,13:07:00,1.0,0,0.100389863548,5749567.63529,12.64,26804606.0,8.73,False,False
600961.XSHG_2017-08-09,0.956484641638,2017-08-09 00:00:00,2017-08-08 00:00:00,600961.XSHG,10.5,10.65,11.03,9.78,9.98,13656343.0,20.0,10.65,11.0,11.55,10.36,10.54,14111446.0,21.0,11.72,11.72,11.72,10.67,10.78,35731225.0,22.0,11.23,11.43,12.89,11.06,11.21,22522653.0,23.0,1.0,1.0,10.67,4616300.0,09:47:00,1.0,0,0.100469483568,4119240.91765,11.55,20841646.0,7.66,False,False
600971.XSHG_2017-07-31,0.976013234078,2017-07-31 00:00:00,2017-07-28 00:00:00,600971.XSHG,10.82,11.69,12.99,10.71,11.61,103250811.0,13.0,10.99,11.14,11.9,10.76,10.76,65651062.0,14.0,11.92,12.09,12.09,10.96,11.02,107877479.0,15.0,11.24,11.84,13.11,11.11,11.8,77759939.0,16.0,1.0,1.0,10.96,100591400.0,14:51:00,1.0,0,0.0846223839854,24947612.1412,12.49,109106097.0,6.57,False,False
600971.XSHG_2017-08-09,0.974960876369,2017-08-09 00:00:00,2017-08-08 00:00:00,600971.XSHG,11.93,11.96,12.31,10.77,11.06,73093508.0,20.0,11.62,12.09,13.12,11.38,11.8,71367949.0,21.0,12.78,12.78,12.78,11.37,11.67,119104697.0,22.0,12.39,12.58,14.06,12.06,12.46,79897242.0,23.0,1.0,1.0,11.38,93016300.0,14:41:00,1.0,0,0.0998278829604,28810337.2619,12.49,109106097.0,6.57,False,False
601011.XSHG_2017-07-28,1.05396825397,2017-07-28 00:00:00,2017-07-27 00:00:00,601011.XSHG,8.53,8.68,8.7,7.82,7.82,168747051.0,12.0,8.59,9.37,9.38,8.4,8.41,173122266.0,13.0,9.45,9.45,9.45,8.62,8.62,198801211.0,14.0,10.4,10.4,10.4,9.83,9.96,162229195.0,15.0,1.0,1.0,8.68,93613000.0,09:55:00,1.0,0,0.100116414435,28817317.3012,8.4,224750900.0,5.1,False,False
601101.XSHG_2017-07-31,0.993537964459,2017-07-31 00:00:00,2017-07-28 00:00:00,601101.XSHG,10.78,11.88,12.57,10.63,11.3,70379556.0,13.0,11.25,11.61,11.86,10.56,10.6,56907066.0,14.0,12.38,12.38,12.38,11.15,11.15,74952616.0,15.0,11.92,12.3,13.62,11.7,12.3,57586062.0,16.0,1.0,1.0,11.16,62766400.0,14:42:00,1.0,0,0.100444444444,19107278.0494,11.95,92198408.0,6.32,False,False
601106.XSHG_2017-07-14,1.0029154519,2017-07-14 00:00:00,2017-07-13 00:00:00,601106.XSHG,3.24,3.27,3.33,3.18,3.2,33826624.0,2.0,3.27,3.29,3.4,3.22,3.25,21127142.0,3.0,3.43,3.43,3.43,3.25,3.26,52017194.0,4.0,3.49,3.6,3.6,3.31,3.44,88784119.0,5.0,1.0,1.0,3.25,14379400.0,10:11:00,0.0,0,0.0491803278689,27282233.3133,4.57,95434718.0,2.85,True,False
601106.XSHG_2017-07-27,0.992207792208,2017-07-27 00:00:00,2017-07-26 00:00:00,601106.XSHG,3.69,3.7,3.85,3.58,3.7,38277591.0,11.0,3.67,3.7,3.87,3.63,3.7,18001295.0,12.0,3.8,3.85,3.85,3.65,3.69,43641031.0,13.0,3.81,3.9,3.99,3.79,3.82,26307418.0,14.0,1.0,1.0,3.65,10937800.0,09:53:00,3.0,1,0.0354223433243,27189912.9615,4.57,97234206.0,2.85,True,False
601106.XSHG_2017-08-04,0.984496124031,2017-08-04 00:00:00,2017-08-03 00:00:00,601106.XSHG,3.66,3.77,3.98,3.65,3.77,38455922.0,17.0,3.69,3.73,3.84,3.62,3.66,19238168.0,18.0,3.81,3.87,3.87,3.77,3.77,37863061.0,19.0,3.85,3.88,4.0,3.79,3.81,23396435.0,20.0,1.0,1.0,3.77,5091200.0,09:32:00,3.0,1,0.0343007915567,26339292.0649,4.57,97234206.0,2.85,True,False
601519.XSHG_2017-08-11,,2017-08-11 00:00:00,2017-08-10 00:00:00,601519.XSHG,4.12,4.15,4.32,4.09,4.11,7261323.0,22.0,4.17,4.27,4.33,4.12,4.22,14083117.0,23.0,4.28,4.38,4.38,4.09,4.14,26171124.0,24.0,,,,,,,,1.0,1.0,4.09,10573600.0,10:28:00,1.0,0,0.0263788968825,11351692.7407,6.44,35599202.0,3.57,True,False
601558.XSHG_2017-08-07,1.01785714286,2017-08-07 00:00:00,2017-08-04 00:00:00,601558.XSHG,1.58,1.58,1.65,1.56,1.57,30082800.0,18.0,1.6,1.62,1.66,1.57,1.57,61475494.0,19.0,1.68,1.68,1.68,1.59,1.6,65862213.0,20.0,1.75,1.76,1.76,1.69,1.71,178877463.0,21.0,1.0,1.0,1.59,23212300.0,09:42:00,2.0,1,0.05,76820962.925,2.44,491558325.0,1.36,True,False
601666.XSHG_2017-08-04,0.948179271709,2017-08-04 00:00:00,2017-08-03 00:00:00,601666.XSHG,6.41,6.66,6.95,6.23,6.33,95122297.0,17.0,6.49,6.51,7.05,6.29,6.34,69709592.0,18.0,6.75,7.14,7.14,6.47,6.47,190741658.0,19.0,6.91,6.95,7.43,6.4,6.77,129693170.0,20.0,1.0,1.0,6.47,69535400.0,10:11:00,1.0,0,0.0521327014218,34111403.0235,6.98,199869176.0,4.62,False,False
601666.XSHG_2017-08-09,1.01338688086,2017-08-09 00:00:00,2017-08-08 00:00:00,601666.XSHG,6.91,6.95,7.43,6.4,6.77,129693170.0,20.0,6.79,7.06,7.6,6.7,6.91,110390053.0,21.0,7.47,7.47,7.47,6.83,6.94,177446132.0,22.0,7.79,7.95,8.22,7.42,7.57,223300164.0,23.0,1.0,1.0,6.83,156193500.0,13:27:00,1.0,0,0.100147275405,35924283.5833,7.14,199869176.0,4.62,False,False
601699.XSHG_2017-08-09,0.962997224792,2017-08-09 00:00:00,2017-08-08 00:00:00,601699.XSHG,10.29,10.36,10.98,9.54,9.95,142544144.0,20.0,9.83,10.44,11.32,9.76,10.18,124152133.0,21.0,10.81,10.81,10.81,9.82,9.98,212819337.0,22.0,10.93,10.96,11.89,10.35,10.41,151972458.0,23.0,1.0,1.0,9.83,179549400.0,14:43:00,0.0,0,0.0996948118006,43971145.4941,10.55,184773281.0,6.54,False,False
601919.XSHG_2017-08-07,0.967005076142,2017-08-07 00:00:00,2017-08-04 00:00:00,601919.XSHG,7.17,7.3,8.01,6.95,7.28,99639541.0,6.0,7.16,7.29,7.89,7.01,7.12,103280246.0,7.0,7.76,7.88,7.88,7.07,7.16,147642532.0,8.0,8.23,8.52,8.54,7.56,7.62,196610632.0,9.0,1.0,1.0,7.07,116715400.0,14:38:00,1.0,0,0.0837988826816,41681398.5181,7.52,247899423.0,5.01,False,False
603305.XSHG_2017-07-31,1.05606523955,2017-07-31 00:00:00,2017-07-28 00:00:00,603305.XSHG,44.59,46.38,51.45,43.51,46.0,15924660.0,13.0,44.59,48.52,49.05,44.2,46.88,17750391.0,14.0,49.05,49.05,49.05,46.4,46.8,6516471.0,15.0,48.23,51.8,53.96,45.73,51.8,16861281.0,16.0,1.0,1.0,46.42,5144700.0,09:45:00,0.0,0,0.100022426553,,48.4,19665833.0,13.51,False,True
603387.XSHG_2017-08-01,0.982508373651,2017-08-01 00:00:00,2017-07-31 00:00:00,603387.XSHG,48.56,51.6,54.65,48.47,49.23,7492138.0,9.0,48.85,49.7,53.42,47.11,47.62,5518442.0,10.0,53.74,53.74,53.74,48.41,48.55,8446414.0,11.0,51.87,54.48,59.11,51.4,52.8,8273687.0,12.0,1.0,1.0,48.41,7226500.0,14:33:00,0.0,0,0.100102354145,13035088.0,51.49,16828509.0,32.04,False,True
603595.XSHG_2017-07-26,1.04,2017-07-26 00:00:00,2017-07-25 00:00:00,603595.XSHG,37.83,39.28,40.15,35.11,37.58,16338199.0,8.0,40.91,41.58,41.61,37.02,37.58,11834940.0,9.0,45.0,45.0,45.0,40.21,40.25,10422211.0,10.0,47.57,48.86,49.5,43.5,46.8,10024630.0,11.0,1.0,1.0,40.26,3894700.0,09:52:00,0.0,0,0.100132625995,,36.5,3058909.0,18.73,False,True
603676.XSHG_2017-08-04,1.02926208651,2017-08-04 00:00:00,2017-08-03 00:00:00,603676.XSHG,14.88,15.61,17.07,14.75,15.0,27839730.0,8.0,14.29,14.54,16.37,13.62,14.0,22297654.0,9.0,15.72,15.72,15.72,13.65,13.95,28479523.0,10.0,17.29,17.29,17.29,16.01,16.18,26108831.0,11.0,1.0,1.0,13.65,24225700.0,14:34:00,0.0,0,0.100069979006,,15.52,38493697.0,7.96,False,True
603757.XSHG_2017-08-03,1.02803571429,2017-08-03 00:00:00,2017-08-02 00:00:00,603757.XSHG,48.96,52.5,53.67,48.51,49.7,6130912.0,15.0,50.91,51.67,53.86,47.8,47.8,4295685.0,16.0,56.0,56.0,56.0,50.6,50.6,4229397.0,17.0,56.03,58.8,61.6,54.12,57.57,4114083.0,18.0,1.0,1.0,50.83,3988000.0,13:54:00,0.0,0,0.0999803574936,6769000.11111,49.4,12150474.0,26.9,False,True
603993.XSHG_2017-07-19,0.972489683631,2017-07-19 00:00:00,2017-07-18 00:00:00,603993.XSHG,6.43,6.73,6.93,5.9,6.21,427942884.0,5.0,6.61,6.65,7.07,6.21,6.31,335393251.0,6.0,7.16,7.27,7.27,6.47,6.5,571235572.0,7.0,7.15,7.51,7.88,7.01,7.07,494533068.0,8.0,1.0,1.0,6.47,408142100.0,14:15:00,0.0,0,0.0832072617247,114724214.744,6.57,455452077.0,3.96,False,False
